filename,label
testbed_biting_1,biting
testbed_biting_10,biting
testbed_biting_100,biting
testbed_biting_101,biting
testbed_biting_102,biting
testbed_biting_103,biting
testbed_biting_104,biting
testbed_biting_105,biting
testbed_biting_106,biting
testbed_biting_107,biting
testbed_biting_108,biting
testbed_biting_109,biting
testbed_biting_11,biting
testbed_biting_110,biting
testbed_biting_111,biting
testbed_biting_112,biting
testbed_biting_113,biting
testbed_biting_114,biting
testbed_biting_115,biting
testbed_biting_116,biting
testbed_biting_117,biting
testbed_biting_118,biting
testbed_biting_119,biting
testbed_biting_12,biting
testbed_biting_120,biting
testbed_biting_121,biting
testbed_biting_122,biting
testbed_biting_123,biting
testbed_biting_124,biting
testbed_biting_125,biting
testbed_biting_126,biting
testbed_biting_127,biting
testbed_biting_128,biting
testbed_biting_129,biting
testbed_biting_13,biting
testbed_biting_130,biting
testbed_biting_131,biting
testbed_biting_132,biting
testbed_biting_133,biting
testbed_biting_134,biting
testbed_biting_135,biting
testbed_biting_136,biting
testbed_biting_137,biting
testbed_biting_138,biting
testbed_biting_139,biting
testbed_biting_14,biting
testbed_biting_140,biting
testbed_biting_141,biting
testbed_biting_142,biting
testbed_biting_143,biting
testbed_biting_144,biting
testbed_biting_145,biting
testbed_biting_146,biting
testbed_biting_147,biting
testbed_biting_148,biting
testbed_biting_149,biting
testbed_biting_15,biting
testbed_biting_150,biting
testbed_biting_151,biting
testbed_biting_152,biting
testbed_biting_153,biting
testbed_biting_154,biting
testbed_biting_155,biting
testbed_biting_156,biting
testbed_biting_157,biting
testbed_biting_158,biting
testbed_biting_159,biting
testbed_biting_16,biting
testbed_biting_160,biting
testbed_biting_17,biting
testbed_biting_18,biting
testbed_biting_19,biting
testbed_biting_2,biting
testbed_biting_20,biting
testbed_biting_21,biting
testbed_biting_22,biting
testbed_biting_23,biting
testbed_biting_24,biting
testbed_biting_25,biting
testbed_biting_26,biting
testbed_biting_27,biting
testbed_biting_28,biting
testbed_biting_29,biting
testbed_biting_3,biting
testbed_biting_30,biting
testbed_biting_31,biting
testbed_biting_32,biting
testbed_biting_33,biting
testbed_biting_34,biting
testbed_biting_35,biting
testbed_biting_36,biting
testbed_biting_37,biting
testbed_biting_38,biting
testbed_biting_39,biting
testbed_biting_4,biting
testbed_biting_40,biting
testbed_biting_41,biting
testbed_biting_42,biting
testbed_biting_43,biting
testbed_biting_44,biting
testbed_biting_45,biting
testbed_biting_46,biting
testbed_biting_47,biting
testbed_biting_48,biting
testbed_biting_49,biting
testbed_biting_5,biting
testbed_biting_50,biting
testbed_biting_51,biting
testbed_biting_52,biting
testbed_biting_53,biting
testbed_biting_54,biting
testbed_biting_55,biting
testbed_biting_56,biting
testbed_biting_57,biting
testbed_biting_58,biting
testbed_biting_59,biting
testbed_biting_6,biting
testbed_biting_60,biting
testbed_biting_61,biting
testbed_biting_62,biting
testbed_biting_63,biting
testbed_biting_64,biting
testbed_biting_65,biting
testbed_biting_66,biting
testbed_biting_67,biting
testbed_biting_68,biting
testbed_biting_69,biting
testbed_biting_7,biting
testbed_biting_70,biting
testbed_biting_71,biting
testbed_biting_72,biting
testbed_biting_73,biting
testbed_biting_74,biting
testbed_biting_75,biting
testbed_biting_76,biting
testbed_biting_77,biting
testbed_biting_78,biting
testbed_biting_79,biting
testbed_biting_8,biting
testbed_biting_80,biting
testbed_biting_81,biting
testbed_biting_82,biting
testbed_biting_83,biting
testbed_biting_84,biting
testbed_biting_85,biting
testbed_biting_86,biting
testbed_biting_87,biting
testbed_biting_88,biting
testbed_biting_89,biting
testbed_biting_9,biting
testbed_biting_90,biting
testbed_biting_91,biting
testbed_biting_92,biting
testbed_biting_93,biting
testbed_biting_94,biting
testbed_biting_95,biting
testbed_biting_96,biting
testbed_biting_97,biting
testbed_biting_98,biting
testbed_biting_99,biting
testbed_choking_cloth_1,choking_cloth
testbed_choking_cloth_10,choking_cloth
testbed_choking_cloth_11,choking_cloth
testbed_choking_cloth_12,choking_cloth
testbed_choking_cloth_13,choking_cloth
testbed_choking_cloth_14,choking_cloth
testbed_choking_cloth_15,choking_cloth
testbed_choking_cloth_16,choking_cloth
testbed_choking_cloth_17,choking_cloth
testbed_choking_cloth_18,choking_cloth
testbed_choking_cloth_19,choking_cloth
testbed_choking_cloth_2,choking_cloth
testbed_choking_cloth_20,choking_cloth
testbed_choking_cloth_21,choking_cloth
testbed_choking_cloth_22,choking_cloth
testbed_choking_cloth_23,choking_cloth
testbed_choking_cloth_24,choking_cloth
testbed_choking_cloth_25,choking_cloth
testbed_choking_cloth_26,choking_cloth
testbed_choking_cloth_27,choking_cloth
testbed_choking_cloth_28,choking_cloth
testbed_choking_cloth_29,choking_cloth
testbed_choking_cloth_3,choking_cloth
testbed_choking_cloth_30,choking_cloth
testbed_choking_cloth_31,choking_cloth
testbed_choking_cloth_32,choking_cloth
testbed_choking_cloth_33,choking_cloth
testbed_choking_cloth_34,choking_cloth
testbed_choking_cloth_35,choking_cloth
testbed_choking_cloth_36,choking_cloth
testbed_choking_cloth_37,choking_cloth
testbed_choking_cloth_38,choking_cloth
testbed_choking_cloth_39,choking_cloth
testbed_choking_cloth_4,choking_cloth
testbed_choking_cloth_40,choking_cloth
testbed_choking_cloth_41,choking_cloth
testbed_choking_cloth_42,choking_cloth
testbed_choking_cloth_43,choking_cloth
testbed_choking_cloth_44,choking_cloth
testbed_choking_cloth_45,choking_cloth
testbed_choking_cloth_46,choking_cloth
testbed_choking_cloth_47,choking_cloth
testbed_choking_cloth_48,choking_cloth
testbed_choking_cloth_49,choking_cloth
testbed_choking_cloth_5,choking_cloth
testbed_choking_cloth_50,choking_cloth
testbed_choking_cloth_51,choking_cloth
testbed_choking_cloth_52,choking_cloth
testbed_choking_cloth_53,choking_cloth
testbed_choking_cloth_54,choking_cloth
testbed_choking_cloth_55,choking_cloth
testbed_choking_cloth_56,choking_cloth
testbed_choking_cloth_57,choking_cloth
testbed_choking_cloth_58,choking_cloth
testbed_choking_cloth_59,choking_cloth
testbed_choking_cloth_6,choking_cloth
testbed_choking_cloth_60,choking_cloth
testbed_choking_cloth_61,choking_cloth
testbed_choking_cloth_62,choking_cloth
testbed_choking_cloth_63,choking_cloth
testbed_choking_cloth_64,choking_cloth
testbed_choking_cloth_65,choking_cloth
testbed_choking_cloth_66,choking_cloth
testbed_choking_cloth_67,choking_cloth
testbed_choking_cloth_68,choking_cloth
testbed_choking_cloth_69,choking_cloth
testbed_choking_cloth_7,choking_cloth
testbed_choking_cloth_70,choking_cloth
testbed_choking_cloth_71,choking_cloth
testbed_choking_cloth_72,choking_cloth
testbed_choking_cloth_73,choking_cloth
testbed_choking_cloth_74,choking_cloth
testbed_choking_cloth_75,choking_cloth
testbed_choking_cloth_76,choking_cloth
testbed_choking_cloth_77,choking_cloth
testbed_choking_cloth_78,choking_cloth
testbed_choking_cloth_79,choking_cloth
testbed_choking_cloth_8,choking_cloth
testbed_choking_cloth_80,choking_cloth
testbed_choking_cloth_81,choking_cloth
testbed_choking_cloth_82,choking_cloth
testbed_choking_cloth_83,choking_cloth
testbed_choking_cloth_84,choking_cloth
testbed_choking_cloth_85,choking_cloth
testbed_choking_cloth_86,choking_cloth
testbed_choking_cloth_87,choking_cloth
testbed_choking_cloth_88,choking_cloth
testbed_choking_cloth_89,choking_cloth
testbed_choking_cloth_9,choking_cloth
testbed_choking_cloth_90,choking_cloth
testbed_choking_cloth_91,choking_cloth
testbed_choking_hand_1,choking_hand
testbed_choking_hand_10,choking_hand
testbed_choking_hand_11,choking_hand
testbed_choking_hand_12,choking_hand
testbed_choking_hand_13,choking_hand
testbed_choking_hand_14,choking_hand
testbed_choking_hand_15,choking_hand
testbed_choking_hand_16,choking_hand
testbed_choking_hand_17,choking_hand
testbed_choking_hand_18,choking_hand
testbed_choking_hand_19,choking_hand
testbed_choking_hand_2,choking_hand
testbed_choking_hand_20,choking_hand
testbed_choking_hand_21,choking_hand
testbed_choking_hand_22,choking_hand
testbed_choking_hand_23,choking_hand
testbed_choking_hand_24,choking_hand
testbed_choking_hand_25,choking_hand
testbed_choking_hand_26,choking_hand
testbed_choking_hand_27,choking_hand
testbed_choking_hand_28,choking_hand
testbed_choking_hand_29,choking_hand
testbed_choking_hand_3,choking_hand
testbed_choking_hand_30,choking_hand
testbed_choking_hand_31,choking_hand
testbed_choking_hand_32,choking_hand
testbed_choking_hand_33,choking_hand
testbed_choking_hand_34,choking_hand
testbed_choking_hand_35,choking_hand
testbed_choking_hand_36,choking_hand
testbed_choking_hand_37,choking_hand
testbed_choking_hand_38,choking_hand
testbed_choking_hand_39,choking_hand
testbed_choking_hand_4,choking_hand
testbed_choking_hand_40,choking_hand
testbed_choking_hand_41,choking_hand
testbed_choking_hand_42,choking_hand
testbed_choking_hand_43,choking_hand
testbed_choking_hand_44,choking_hand
testbed_choking_hand_45,choking_hand
testbed_choking_hand_46,choking_hand
testbed_choking_hand_47,choking_hand
testbed_choking_hand_48,choking_hand
testbed_choking_hand_49,choking_hand
testbed_choking_hand_5,choking_hand
testbed_choking_hand_50,choking_hand
testbed_choking_hand_51,choking_hand
testbed_choking_hand_52,choking_hand
testbed_choking_hand_53,choking_hand
testbed_choking_hand_54,choking_hand
testbed_choking_hand_55,choking_hand
testbed_choking_hand_56,choking_hand
testbed_choking_hand_57,choking_hand
testbed_choking_hand_58,choking_hand
testbed_choking_hand_59,choking_hand
testbed_choking_hand_6,choking_hand
testbed_choking_hand_60,choking_hand
testbed_choking_hand_61,choking_hand
testbed_choking_hand_62,choking_hand
testbed_choking_hand_63,choking_hand
testbed_choking_hand_64,choking_hand
testbed_choking_hand_65,choking_hand
testbed_choking_hand_66,choking_hand
testbed_choking_hand_67,choking_hand
testbed_choking_hand_68,choking_hand
testbed_choking_hand_69,choking_hand
testbed_choking_hand_7,choking_hand
testbed_choking_hand_70,choking_hand
testbed_choking_hand_8,choking_hand
testbed_choking_hand_9,choking_hand
testbed_hittingbody_1,hittingbody
testbed_hittingbody_10,hittingbody
testbed_hittingbody_100,hittingbody
testbed_hittingbody_101,hittingbody
testbed_hittingbody_102,hittingbody
testbed_hittingbody_103,hittingbody
testbed_hittingbody_104,hittingbody
testbed_hittingbody_105,hittingbody
testbed_hittingbody_106,hittingbody
testbed_hittingbody_107,hittingbody
testbed_hittingbody_108,hittingbody
testbed_hittingbody_109,hittingbody
testbed_hittingbody_11,hittingbody
testbed_hittingbody_110,hittingbody
testbed_hittingbody_111,hittingbody
testbed_hittingbody_112,hittingbody
testbed_hittingbody_113,hittingbody
testbed_hittingbody_114,hittingbody
testbed_hittingbody_115,hittingbody
testbed_hittingbody_116,hittingbody
testbed_hittingbody_117,hittingbody
testbed_hittingbody_118,hittingbody
testbed_hittingbody_119,hittingbody
testbed_hittingbody_12,hittingbody
testbed_hittingbody_120,hittingbody
testbed_hittingbody_121,hittingbody
testbed_hittingbody_122,hittingbody
testbed_hittingbody_123,hittingbody
testbed_hittingbody_124,hittingbody
testbed_hittingbody_125,hittingbody
testbed_hittingbody_126,hittingbody
testbed_hittingbody_127,hittingbody
testbed_hittingbody_128,hittingbody
testbed_hittingbody_129,hittingbody
testbed_hittingbody_13,hittingbody
testbed_hittingbody_130,hittingbody
testbed_hittingbody_14,hittingbody
testbed_hittingbody_15,hittingbody
testbed_hittingbody_16,hittingbody
testbed_hittingbody_17,hittingbody
testbed_hittingbody_18,hittingbody
testbed_hittingbody_19,hittingbody
testbed_hittingbody_2,hittingbody
testbed_hittingbody_20,hittingbody
testbed_hittingbody_21,hittingbody
testbed_hittingbody_22,hittingbody
testbed_hittingbody_23,hittingbody
testbed_hittingbody_24,hittingbody
testbed_hittingbody_25,hittingbody
testbed_hittingbody_26,hittingbody
testbed_hittingbody_27,hittingbody
testbed_hittingbody_28,hittingbody
testbed_hittingbody_29,hittingbody
testbed_hittingbody_3,hittingbody
testbed_hittingbody_30,hittingbody
testbed_hittingbody_31,hittingbody
testbed_hittingbody_32,hittingbody
testbed_hittingbody_33,hittingbody
testbed_hittingbody_34,hittingbody
testbed_hittingbody_35,hittingbody
testbed_hittingbody_36,hittingbody
testbed_hittingbody_37,hittingbody
testbed_hittingbody_38,hittingbody
testbed_hittingbody_39,hittingbody
testbed_hittingbody_4,hittingbody
testbed_hittingbody_40,hittingbody
testbed_hittingbody_41,hittingbody
testbed_hittingbody_42,hittingbody
testbed_hittingbody_43,hittingbody
testbed_hittingbody_44,hittingbody
testbed_hittingbody_45,hittingbody
testbed_hittingbody_46,hittingbody
testbed_hittingbody_47,hittingbody
testbed_hittingbody_48,hittingbody
testbed_hittingbody_49,hittingbody
testbed_hittingbody_5,hittingbody
testbed_hittingbody_50,hittingbody
testbed_hittingbody_51,hittingbody
testbed_hittingbody_52,hittingbody
testbed_hittingbody_53,hittingbody
testbed_hittingbody_54,hittingbody
testbed_hittingbody_55,hittingbody
testbed_hittingbody_56,hittingbody
testbed_hittingbody_57,hittingbody
testbed_hittingbody_58,hittingbody
testbed_hittingbody_59,hittingbody
testbed_hittingbody_6,hittingbody
testbed_hittingbody_60,hittingbody
testbed_hittingbody_61,hittingbody
testbed_hittingbody_62,hittingbody
testbed_hittingbody_63,hittingbody
testbed_hittingbody_64,hittingbody
testbed_hittingbody_65,hittingbody
testbed_hittingbody_66,hittingbody
testbed_hittingbody_67,hittingbody
testbed_hittingbody_68,hittingbody
testbed_hittingbody_69,hittingbody
testbed_hittingbody_7,hittingbody
testbed_hittingbody_70,hittingbody
testbed_hittingbody_71,hittingbody
testbed_hittingbody_72,hittingbody
testbed_hittingbody_73,hittingbody
testbed_hittingbody_74,hittingbody
testbed_hittingbody_75,hittingbody
testbed_hittingbody_76,hittingbody
testbed_hittingbody_77,hittingbody
testbed_hittingbody_78,hittingbody
testbed_hittingbody_79,hittingbody
testbed_hittingbody_8,hittingbody
testbed_hittingbody_80,hittingbody
testbed_hittingbody_81,hittingbody
testbed_hittingbody_82,hittingbody
testbed_hittingbody_83,hittingbody
testbed_hittingbody_84,hittingbody
testbed_hittingbody_85,hittingbody
testbed_hittingbody_86,hittingbody
testbed_hittingbody_87,hittingbody
testbed_hittingbody_88,hittingbody
testbed_hittingbody_89,hittingbody
testbed_hittingbody_9,hittingbody
testbed_hittingbody_90,hittingbody
testbed_hittingbody_91,hittingbody
testbed_hittingbody_92,hittingbody
testbed_hittingbody_93,hittingbody
testbed_hittingbody_94,hittingbody
testbed_hittingbody_95,hittingbody
testbed_hittingbody_96,hittingbody
testbed_hittingbody_97,hittingbody
testbed_hittingbody_98,hittingbody
testbed_hittingbody_99,hittingbody
testbed_hittinghead_floor_1,hittinghead_floor
testbed_hittinghead_floor_10,hittinghead_floor
testbed_hittinghead_floor_100,hittinghead_floor
testbed_hittinghead_floor_101,hittinghead_floor
testbed_hittinghead_floor_102,hittinghead_floor
testbed_hittinghead_floor_103,hittinghead_floor
testbed_hittinghead_floor_104,hittinghead_floor
testbed_hittinghead_floor_105,hittinghead_floor
testbed_hittinghead_floor_106,hittinghead_floor
testbed_hittinghead_floor_107,hittinghead_floor
testbed_hittinghead_floor_108,hittinghead_floor
testbed_hittinghead_floor_109,hittinghead_floor
testbed_hittinghead_floor_11,hittinghead_floor
testbed_hittinghead_floor_110,hittinghead_floor
testbed_hittinghead_floor_111,hittinghead_floor
testbed_hittinghead_floor_112,hittinghead_floor
testbed_hittinghead_floor_113,hittinghead_floor
testbed_hittinghead_floor_114,hittinghead_floor
testbed_hittinghead_floor_115,hittinghead_floor
testbed_hittinghead_floor_116,hittinghead_floor
testbed_hittinghead_floor_117,hittinghead_floor
testbed_hittinghead_floor_118,hittinghead_floor
testbed_hittinghead_floor_119,hittinghead_floor
testbed_hittinghead_floor_12,hittinghead_floor
testbed_hittinghead_floor_120,hittinghead_floor
testbed_hittinghead_floor_121,hittinghead_floor
testbed_hittinghead_floor_122,hittinghead_floor
testbed_hittinghead_floor_123,hittinghead_floor
testbed_hittinghead_floor_124,hittinghead_floor
testbed_hittinghead_floor_125,hittinghead_floor
testbed_hittinghead_floor_126,hittinghead_floor
testbed_hittinghead_floor_127,hittinghead_floor
testbed_hittinghead_floor_128,hittinghead_floor
testbed_hittinghead_floor_129,hittinghead_floor
testbed_hittinghead_floor_13,hittinghead_floor
testbed_hittinghead_floor_130,hittinghead_floor
testbed_hittinghead_floor_131,hittinghead_floor
testbed_hittinghead_floor_132,hittinghead_floor
testbed_hittinghead_floor_133,hittinghead_floor
testbed_hittinghead_floor_134,hittinghead_floor
testbed_hittinghead_floor_135,hittinghead_floor
testbed_hittinghead_floor_136,hittinghead_floor
testbed_hittinghead_floor_137,hittinghead_floor
testbed_hittinghead_floor_138,hittinghead_floor
testbed_hittinghead_floor_139,hittinghead_floor
testbed_hittinghead_floor_14,hittinghead_floor
testbed_hittinghead_floor_140,hittinghead_floor
testbed_hittinghead_floor_141,hittinghead_floor
testbed_hittinghead_floor_142,hittinghead_floor
testbed_hittinghead_floor_143,hittinghead_floor
testbed_hittinghead_floor_144,hittinghead_floor
testbed_hittinghead_floor_145,hittinghead_floor
testbed_hittinghead_floor_146,hittinghead_floor
testbed_hittinghead_floor_147,hittinghead_floor
testbed_hittinghead_floor_15,hittinghead_floor
testbed_hittinghead_floor_16,hittinghead_floor
testbed_hittinghead_floor_17,hittinghead_floor
testbed_hittinghead_floor_18,hittinghead_floor
testbed_hittinghead_floor_19,hittinghead_floor
testbed_hittinghead_floor_2,hittinghead_floor
testbed_hittinghead_floor_20,hittinghead_floor
testbed_hittinghead_floor_21,hittinghead_floor
testbed_hittinghead_floor_22,hittinghead_floor
testbed_hittinghead_floor_23,hittinghead_floor
testbed_hittinghead_floor_24,hittinghead_floor
testbed_hittinghead_floor_25,hittinghead_floor
testbed_hittinghead_floor_26,hittinghead_floor
testbed_hittinghead_floor_27,hittinghead_floor
testbed_hittinghead_floor_28,hittinghead_floor
testbed_hittinghead_floor_29,hittinghead_floor
testbed_hittinghead_floor_3,hittinghead_floor
testbed_hittinghead_floor_30,hittinghead_floor
testbed_hittinghead_floor_31,hittinghead_floor
testbed_hittinghead_floor_32,hittinghead_floor
testbed_hittinghead_floor_33,hittinghead_floor
testbed_hittinghead_floor_34,hittinghead_floor
testbed_hittinghead_floor_35,hittinghead_floor
testbed_hittinghead_floor_36,hittinghead_floor
testbed_hittinghead_floor_37,hittinghead_floor
testbed_hittinghead_floor_38,hittinghead_floor
testbed_hittinghead_floor_39,hittinghead_floor
testbed_hittinghead_floor_4,hittinghead_floor
testbed_hittinghead_floor_40,hittinghead_floor
testbed_hittinghead_floor_41,hittinghead_floor
testbed_hittinghead_floor_42,hittinghead_floor
testbed_hittinghead_floor_43,hittinghead_floor
testbed_hittinghead_floor_44,hittinghead_floor
testbed_hittinghead_floor_45,hittinghead_floor
testbed_hittinghead_floor_46,hittinghead_floor
testbed_hittinghead_floor_47,hittinghead_floor
testbed_hittinghead_floor_48,hittinghead_floor
testbed_hittinghead_floor_49,hittinghead_floor
testbed_hittinghead_floor_5,hittinghead_floor
testbed_hittinghead_floor_50,hittinghead_floor
testbed_hittinghead_floor_51,hittinghead_floor
testbed_hittinghead_floor_52,hittinghead_floor
testbed_hittinghead_floor_53,hittinghead_floor
testbed_hittinghead_floor_54,hittinghead_floor
testbed_hittinghead_floor_55,hittinghead_floor
testbed_hittinghead_floor_56,hittinghead_floor
testbed_hittinghead_floor_57,hittinghead_floor
testbed_hittinghead_floor_58,hittinghead_floor
testbed_hittinghead_floor_59,hittinghead_floor
testbed_hittinghead_floor_6,hittinghead_floor
testbed_hittinghead_floor_60,hittinghead_floor
testbed_hittinghead_floor_61,hittinghead_floor
testbed_hittinghead_floor_62,hittinghead_floor
testbed_hittinghead_floor_63,hittinghead_floor
testbed_hittinghead_floor_64,hittinghead_floor
testbed_hittinghead_floor_65,hittinghead_floor
testbed_hittinghead_floor_66,hittinghead_floor
testbed_hittinghead_floor_67,hittinghead_floor
testbed_hittinghead_floor_68,hittinghead_floor
testbed_hittinghead_floor_69,hittinghead_floor
testbed_hittinghead_floor_7,hittinghead_floor
testbed_hittinghead_floor_70,hittinghead_floor
testbed_hittinghead_floor_71,hittinghead_floor
testbed_hittinghead_floor_72,hittinghead_floor
testbed_hittinghead_floor_73,hittinghead_floor
testbed_hittinghead_floor_74,hittinghead_floor
testbed_hittinghead_floor_75,hittinghead_floor
testbed_hittinghead_floor_76,hittinghead_floor
testbed_hittinghead_floor_77,hittinghead_floor
testbed_hittinghead_floor_78,hittinghead_floor
testbed_hittinghead_floor_79,hittinghead_floor
testbed_hittinghead_floor_8,hittinghead_floor
testbed_hittinghead_floor_80,hittinghead_floor
testbed_hittinghead_floor_81,hittinghead_floor
testbed_hittinghead_floor_82,hittinghead_floor
testbed_hittinghead_floor_83,hittinghead_floor
testbed_hittinghead_floor_84,hittinghead_floor
testbed_hittinghead_floor_85,hittinghead_floor
testbed_hittinghead_floor_86,hittinghead_floor
testbed_hittinghead_floor_87,hittinghead_floor
testbed_hittinghead_floor_88,hittinghead_floor
testbed_hittinghead_floor_89,hittinghead_floor
testbed_hittinghead_floor_9,hittinghead_floor
testbed_hittinghead_floor_90,hittinghead_floor
testbed_hittinghead_floor_91,hittinghead_floor
testbed_hittinghead_floor_92,hittinghead_floor
testbed_hittinghead_floor_93,hittinghead_floor
testbed_hittinghead_floor_94,hittinghead_floor
testbed_hittinghead_floor_95,hittinghead_floor
testbed_hittinghead_floor_96,hittinghead_floor
testbed_hittinghead_floor_97,hittinghead_floor
testbed_hittinghead_floor_98,hittinghead_floor
testbed_hittinghead_floor_99,hittinghead_floor
testbed_hittinghead_wall_1,hittinghead_wall
testbed_hittinghead_wall_10,hittinghead_wall
testbed_hittinghead_wall_100,hittinghead_wall
testbed_hittinghead_wall_101,hittinghead_wall
testbed_hittinghead_wall_102,hittinghead_wall
testbed_hittinghead_wall_103,hittinghead_wall
testbed_hittinghead_wall_104,hittinghead_wall
testbed_hittinghead_wall_105,hittinghead_wall
testbed_hittinghead_wall_106,hittinghead_wall
testbed_hittinghead_wall_107,hittinghead_wall
testbed_hittinghead_wall_108,hittinghead_wall
testbed_hittinghead_wall_109,hittinghead_wall
testbed_hittinghead_wall_11,hittinghead_wall
testbed_hittinghead_wall_110,hittinghead_wall
testbed_hittinghead_wall_111,hittinghead_wall
testbed_hittinghead_wall_112,hittinghead_wall
testbed_hittinghead_wall_113,hittinghead_wall
testbed_hittinghead_wall_114,hittinghead_wall
testbed_hittinghead_wall_115,hittinghead_wall
testbed_hittinghead_wall_116,hittinghead_wall
testbed_hittinghead_wall_117,hittinghead_wall
testbed_hittinghead_wall_118,hittinghead_wall
testbed_hittinghead_wall_119,hittinghead_wall
testbed_hittinghead_wall_12,hittinghead_wall
testbed_hittinghead_wall_120,hittinghead_wall
testbed_hittinghead_wall_121,hittinghead_wall
testbed_hittinghead_wall_122,hittinghead_wall
testbed_hittinghead_wall_123,hittinghead_wall
testbed_hittinghead_wall_124,hittinghead_wall
testbed_hittinghead_wall_125,hittinghead_wall
testbed_hittinghead_wall_126,hittinghead_wall
testbed_hittinghead_wall_127,hittinghead_wall
testbed_hittinghead_wall_128,hittinghead_wall
testbed_hittinghead_wall_129,hittinghead_wall
testbed_hittinghead_wall_13,hittinghead_wall
testbed_hittinghead_wall_130,hittinghead_wall
testbed_hittinghead_wall_131,hittinghead_wall
testbed_hittinghead_wall_132,hittinghead_wall
testbed_hittinghead_wall_133,hittinghead_wall
testbed_hittinghead_wall_134,hittinghead_wall
testbed_hittinghead_wall_135,hittinghead_wall
testbed_hittinghead_wall_136,hittinghead_wall
testbed_hittinghead_wall_137,hittinghead_wall
testbed_hittinghead_wall_138,hittinghead_wall
testbed_hittinghead_wall_139,hittinghead_wall
testbed_hittinghead_wall_14,hittinghead_wall
testbed_hittinghead_wall_140,hittinghead_wall
testbed_hittinghead_wall_141,hittinghead_wall
testbed_hittinghead_wall_142,hittinghead_wall
testbed_hittinghead_wall_143,hittinghead_wall
testbed_hittinghead_wall_144,hittinghead_wall
testbed_hittinghead_wall_145,hittinghead_wall
testbed_hittinghead_wall_15,hittinghead_wall
testbed_hittinghead_wall_16,hittinghead_wall
testbed_hittinghead_wall_17,hittinghead_wall
testbed_hittinghead_wall_18,hittinghead_wall
testbed_hittinghead_wall_19,hittinghead_wall
testbed_hittinghead_wall_2,hittinghead_wall
testbed_hittinghead_wall_20,hittinghead_wall
testbed_hittinghead_wall_21,hittinghead_wall
testbed_hittinghead_wall_22,hittinghead_wall
testbed_hittinghead_wall_23,hittinghead_wall
testbed_hittinghead_wall_24,hittinghead_wall
testbed_hittinghead_wall_25,hittinghead_wall
testbed_hittinghead_wall_26,hittinghead_wall
testbed_hittinghead_wall_27,hittinghead_wall
testbed_hittinghead_wall_28,hittinghead_wall
testbed_hittinghead_wall_29,hittinghead_wall
testbed_hittinghead_wall_3,hittinghead_wall
testbed_hittinghead_wall_30,hittinghead_wall
testbed_hittinghead_wall_31,hittinghead_wall
testbed_hittinghead_wall_32,hittinghead_wall
testbed_hittinghead_wall_33,hittinghead_wall
testbed_hittinghead_wall_34,hittinghead_wall
testbed_hittinghead_wall_35,hittinghead_wall
testbed_hittinghead_wall_36,hittinghead_wall
testbed_hittinghead_wall_37,hittinghead_wall
testbed_hittinghead_wall_38,hittinghead_wall
testbed_hittinghead_wall_39,hittinghead_wall
testbed_hittinghead_wall_4,hittinghead_wall
testbed_hittinghead_wall_40,hittinghead_wall
testbed_hittinghead_wall_41,hittinghead_wall
testbed_hittinghead_wall_42,hittinghead_wall
testbed_hittinghead_wall_43,hittinghead_wall
testbed_hittinghead_wall_44,hittinghead_wall
testbed_hittinghead_wall_45,hittinghead_wall
testbed_hittinghead_wall_46,hittinghead_wall
testbed_hittinghead_wall_47,hittinghead_wall
testbed_hittinghead_wall_48,hittinghead_wall
testbed_hittinghead_wall_49,hittinghead_wall
testbed_hittinghead_wall_5,hittinghead_wall
testbed_hittinghead_wall_50,hittinghead_wall
testbed_hittinghead_wall_51,hittinghead_wall
testbed_hittinghead_wall_52,hittinghead_wall
testbed_hittinghead_wall_53,hittinghead_wall
testbed_hittinghead_wall_54,hittinghead_wall
testbed_hittinghead_wall_55,hittinghead_wall
testbed_hittinghead_wall_56,hittinghead_wall
testbed_hittinghead_wall_57,hittinghead_wall
testbed_hittinghead_wall_58,hittinghead_wall
testbed_hittinghead_wall_59,hittinghead_wall
testbed_hittinghead_wall_6,hittinghead_wall
testbed_hittinghead_wall_60,hittinghead_wall
testbed_hittinghead_wall_61,hittinghead_wall
testbed_hittinghead_wall_62,hittinghead_wall
testbed_hittinghead_wall_63,hittinghead_wall
testbed_hittinghead_wall_64,hittinghead_wall
testbed_hittinghead_wall_65,hittinghead_wall
testbed_hittinghead_wall_66,hittinghead_wall
testbed_hittinghead_wall_67,hittinghead_wall
testbed_hittinghead_wall_68,hittinghead_wall
testbed_hittinghead_wall_69,hittinghead_wall
testbed_hittinghead_wall_7,hittinghead_wall
testbed_hittinghead_wall_70,hittinghead_wall
testbed_hittinghead_wall_71,hittinghead_wall
testbed_hittinghead_wall_72,hittinghead_wall
testbed_hittinghead_wall_73,hittinghead_wall
testbed_hittinghead_wall_74,hittinghead_wall
testbed_hittinghead_wall_75,hittinghead_wall
testbed_hittinghead_wall_76,hittinghead_wall
testbed_hittinghead_wall_77,hittinghead_wall
testbed_hittinghead_wall_78,hittinghead_wall
testbed_hittinghead_wall_79,hittinghead_wall
testbed_hittinghead_wall_8,hittinghead_wall
testbed_hittinghead_wall_80,hittinghead_wall
testbed_hittinghead_wall_81,hittinghead_wall
testbed_hittinghead_wall_82,hittinghead_wall
testbed_hittinghead_wall_83,hittinghead_wall
testbed_hittinghead_wall_84,hittinghead_wall
testbed_hittinghead_wall_85,hittinghead_wall
testbed_hittinghead_wall_86,hittinghead_wall
testbed_hittinghead_wall_87,hittinghead_wall
testbed_hittinghead_wall_88,hittinghead_wall
testbed_hittinghead_wall_89,hittinghead_wall
testbed_hittinghead_wall_9,hittinghead_wall
testbed_hittinghead_wall_90,hittinghead_wall
testbed_hittinghead_wall_91,hittinghead_wall
testbed_hittinghead_wall_92,hittinghead_wall
testbed_hittinghead_wall_93,hittinghead_wall
testbed_hittinghead_wall_94,hittinghead_wall
testbed_hittinghead_wall_95,hittinghead_wall
testbed_hittinghead_wall_96,hittinghead_wall
testbed_hittinghead_wall_97,hittinghead_wall
testbed_hittinghead_wall_98,hittinghead_wall
testbed_hittinghead_wall_99,hittinghead_wall
testbed_kicking_wall_1,kicking_wall
testbed_kicking_wall_10,kicking_wall
testbed_kicking_wall_11,kicking_wall
testbed_kicking_wall_12,kicking_wall
testbed_kicking_wall_13,kicking_wall
testbed_kicking_wall_14,kicking_wall
testbed_kicking_wall_15,kicking_wall
testbed_kicking_wall_16,kicking_wall
testbed_kicking_wall_17,kicking_wall
testbed_kicking_wall_18,kicking_wall
testbed_kicking_wall_19,kicking_wall
testbed_kicking_wall_2,kicking_wall
testbed_kicking_wall_20,kicking_wall
testbed_kicking_wall_21,kicking_wall
testbed_kicking_wall_22,kicking_wall
testbed_kicking_wall_23,kicking_wall
testbed_kicking_wall_24,kicking_wall
testbed_kicking_wall_25,kicking_wall
testbed_kicking_wall_26,kicking_wall
testbed_kicking_wall_27,kicking_wall
testbed_kicking_wall_28,kicking_wall
testbed_kicking_wall_29,kicking_wall
testbed_kicking_wall_3,kicking_wall
testbed_kicking_wall_30,kicking_wall
testbed_kicking_wall_31,kicking_wall
testbed_kicking_wall_32,kicking_wall
testbed_kicking_wall_33,kicking_wall
testbed_kicking_wall_34,kicking_wall
testbed_kicking_wall_35,kicking_wall
testbed_kicking_wall_36,kicking_wall
testbed_kicking_wall_37,kicking_wall
testbed_kicking_wall_38,kicking_wall
testbed_kicking_wall_39,kicking_wall
testbed_kicking_wall_4,kicking_wall
testbed_kicking_wall_40,kicking_wall
testbed_kicking_wall_41,kicking_wall
testbed_kicking_wall_42,kicking_wall
testbed_kicking_wall_43,kicking_wall
testbed_kicking_wall_44,kicking_wall
testbed_kicking_wall_45,kicking_wall
testbed_kicking_wall_46,kicking_wall
testbed_kicking_wall_47,kicking_wall
testbed_kicking_wall_48,kicking_wall
testbed_kicking_wall_49,kicking_wall
testbed_kicking_wall_5,kicking_wall
testbed_kicking_wall_50,kicking_wall
testbed_kicking_wall_51,kicking_wall
testbed_kicking_wall_52,kicking_wall
testbed_kicking_wall_53,kicking_wall
testbed_kicking_wall_54,kicking_wall
testbed_kicking_wall_55,kicking_wall
testbed_kicking_wall_56,kicking_wall
testbed_kicking_wall_57,kicking_wall
testbed_kicking_wall_58,kicking_wall
testbed_kicking_wall_59,kicking_wall
testbed_kicking_wall_6,kicking_wall
testbed_kicking_wall_60,kicking_wall
testbed_kicking_wall_61,kicking_wall
testbed_kicking_wall_62,kicking_wall
testbed_kicking_wall_63,kicking_wall
testbed_kicking_wall_64,kicking_wall
testbed_kicking_wall_65,kicking_wall
testbed_kicking_wall_66,kicking_wall
testbed_kicking_wall_67,kicking_wall
testbed_kicking_wall_68,kicking_wall
testbed_kicking_wall_69,kicking_wall
testbed_kicking_wall_7,kicking_wall
testbed_kicking_wall_70,kicking_wall
testbed_kicking_wall_71,kicking_wall
testbed_kicking_wall_72,kicking_wall
testbed_kicking_wall_73,kicking_wall
testbed_kicking_wall_74,kicking_wall
testbed_kicking_wall_75,kicking_wall
testbed_kicking_wall_76,kicking_wall
testbed_kicking_wall_77,kicking_wall
testbed_kicking_wall_8,kicking_wall
testbed_kicking_wall_9,kicking_wall
testbed_normal_1,normal
testbed_normal_10,normal
testbed_normal_100,normal
testbed_normal_101,normal
testbed_normal_102,normal
testbed_normal_103,normal
testbed_normal_104,normal
testbed_normal_105,normal
testbed_normal_106,normal
testbed_normal_107,normal
testbed_normal_108,normal
testbed_normal_109,normal
testbed_normal_11,normal
testbed_normal_110,normal
testbed_normal_111,normal
testbed_normal_112,normal
testbed_normal_113,normal
testbed_normal_114,normal
testbed_normal_115,normal
testbed_normal_116,normal
testbed_normal_117,normal
testbed_normal_118,normal
testbed_normal_119,normal
testbed_normal_12,normal
testbed_normal_120,normal
testbed_normal_121,normal
testbed_normal_122,normal
testbed_normal_123,normal
testbed_normal_124,normal
testbed_normal_125,normal
testbed_normal_126,normal
testbed_normal_127,normal
testbed_normal_128,normal
testbed_normal_129,normal
testbed_normal_13,normal
testbed_normal_130,normal
testbed_normal_131,normal
testbed_normal_132,normal
testbed_normal_133,normal
testbed_normal_134,normal
testbed_normal_135,normal
testbed_normal_136,normal
testbed_normal_137,normal
testbed_normal_138,normal
testbed_normal_139,normal
testbed_normal_14,normal
testbed_normal_140,normal
testbed_normal_141,normal
testbed_normal_142,normal
testbed_normal_143,normal
testbed_normal_144,normal
testbed_normal_145,normal
testbed_normal_146,normal
testbed_normal_147,normal
testbed_normal_148,normal
testbed_normal_149,normal
testbed_normal_15,normal
testbed_normal_150,normal
testbed_normal_151,normal
testbed_normal_152,normal
testbed_normal_153,normal
testbed_normal_154,normal
testbed_normal_155,normal
testbed_normal_156,normal
testbed_normal_157,normal
testbed_normal_158,normal
testbed_normal_159,normal
testbed_normal_16,normal
testbed_normal_160,normal
testbed_normal_161,normal
testbed_normal_162,normal
testbed_normal_163,normal
testbed_normal_164,normal
testbed_normal_165,normal
testbed_normal_166,normal
testbed_normal_167,normal
testbed_normal_168,normal
testbed_normal_169,normal
testbed_normal_17,normal
testbed_normal_170,normal
testbed_normal_171,normal
testbed_normal_172,normal
testbed_normal_173,normal
testbed_normal_174,normal
testbed_normal_175,normal
testbed_normal_176,normal
testbed_normal_177,normal
testbed_normal_178,normal
testbed_normal_179,normal
testbed_normal_18,normal
testbed_normal_180,normal
testbed_normal_181,normal
testbed_normal_182,normal
testbed_normal_183,normal
testbed_normal_184,normal
testbed_normal_185,normal
testbed_normal_186,normal
testbed_normal_187,normal
testbed_normal_188,normal
testbed_normal_189,normal
testbed_normal_19,normal
testbed_normal_190,normal
testbed_normal_191,normal
testbed_normal_192,normal
testbed_normal_193,normal
testbed_normal_194,normal
testbed_normal_195,normal
testbed_normal_196,normal
testbed_normal_197,normal
testbed_normal_198,normal
testbed_normal_199,normal
testbed_normal_2,normal
testbed_normal_20,normal
testbed_normal_200,normal
testbed_normal_201,normal
testbed_normal_202,normal
testbed_normal_203,normal
testbed_normal_204,normal
testbed_normal_205,normal
testbed_normal_206,normal
testbed_normal_207,normal
testbed_normal_208,normal
testbed_normal_209,normal
testbed_normal_21,normal
testbed_normal_210,normal
testbed_normal_211,normal
testbed_normal_212,normal
testbed_normal_213,normal
testbed_normal_214,normal
testbed_normal_215,normal
testbed_normal_216,normal
testbed_normal_217,normal
testbed_normal_218,normal
testbed_normal_219,normal
testbed_normal_22,normal
testbed_normal_220,normal
testbed_normal_221,normal
testbed_normal_222,normal
testbed_normal_223,normal
testbed_normal_224,normal
testbed_normal_225,normal
testbed_normal_226,normal
testbed_normal_227,normal
testbed_normal_228,normal
testbed_normal_229,normal
testbed_normal_23,normal
testbed_normal_230,normal
testbed_normal_231,normal
testbed_normal_232,normal
testbed_normal_233,normal
testbed_normal_234,normal
testbed_normal_235,normal
testbed_normal_236,normal
testbed_normal_237,normal
testbed_normal_238,normal
testbed_normal_239,normal
testbed_normal_24,normal
testbed_normal_240,normal
testbed_normal_241,normal
testbed_normal_242,normal
testbed_normal_243,normal
testbed_normal_244,normal
testbed_normal_245,normal
testbed_normal_246,normal
testbed_normal_247,normal
testbed_normal_248,normal
testbed_normal_249,normal
testbed_normal_25,normal
testbed_normal_250,normal
testbed_normal_251,normal
testbed_normal_252,normal
testbed_normal_253,normal
testbed_normal_254,normal
testbed_normal_255,normal
testbed_normal_256,normal
testbed_normal_257,normal
testbed_normal_258,normal
testbed_normal_259,normal
testbed_normal_26,normal
testbed_normal_260,normal
testbed_normal_261,normal
testbed_normal_262,normal
testbed_normal_263,normal
testbed_normal_264,normal
testbed_normal_265,normal
testbed_normal_266,normal
testbed_normal_267,normal
testbed_normal_268,normal
testbed_normal_269,normal
testbed_normal_27,normal
testbed_normal_270,normal
testbed_normal_271,normal
testbed_normal_272,normal
testbed_normal_273,normal
testbed_normal_274,normal
testbed_normal_275,normal
testbed_normal_276,normal
testbed_normal_277,normal
testbed_normal_278,normal
testbed_normal_279,normal
testbed_normal_28,normal
testbed_normal_280,normal
testbed_normal_281,normal
testbed_normal_282,normal
testbed_normal_283,normal
testbed_normal_284,normal
testbed_normal_285,normal
testbed_normal_286,normal
testbed_normal_287,normal
testbed_normal_288,normal
testbed_normal_289,normal
testbed_normal_29,normal
testbed_normal_290,normal
testbed_normal_291,normal
testbed_normal_292,normal
testbed_normal_293,normal
testbed_normal_294,normal
testbed_normal_295,normal
testbed_normal_296,normal
testbed_normal_297,normal
testbed_normal_298,normal
testbed_normal_299,normal
testbed_normal_3,normal
testbed_normal_30,normal
testbed_normal_300,normal
testbed_normal_301,normal
testbed_normal_302,normal
testbed_normal_303,normal
testbed_normal_304,normal
testbed_normal_305,normal
testbed_normal_306,normal
testbed_normal_307,normal
testbed_normal_308,normal
testbed_normal_309,normal
testbed_normal_31,normal
testbed_normal_310,normal
testbed_normal_311,normal
testbed_normal_312,normal
testbed_normal_313,normal
testbed_normal_314,normal
testbed_normal_315,normal
testbed_normal_316,normal
testbed_normal_317,normal
testbed_normal_318,normal
testbed_normal_319,normal
testbed_normal_32,normal
testbed_normal_320,normal
testbed_normal_321,normal
testbed_normal_322,normal
testbed_normal_323,normal
testbed_normal_324,normal
testbed_normal_325,normal
testbed_normal_326,normal
testbed_normal_327,normal
testbed_normal_328,normal
testbed_normal_329,normal
testbed_normal_33,normal
testbed_normal_330,normal
testbed_normal_331,normal
testbed_normal_332,normal
testbed_normal_333,normal
testbed_normal_334,normal
testbed_normal_335,normal
testbed_normal_336,normal
testbed_normal_337,normal
testbed_normal_338,normal
testbed_normal_339,normal
testbed_normal_34,normal
testbed_normal_340,normal
testbed_normal_341,normal
testbed_normal_342,normal
testbed_normal_343,normal
testbed_normal_344,normal
testbed_normal_345,normal
testbed_normal_346,normal
testbed_normal_347,normal
testbed_normal_348,normal
testbed_normal_349,normal
testbed_normal_35,normal
testbed_normal_350,normal
testbed_normal_351,normal
testbed_normal_352,normal
testbed_normal_353,normal
testbed_normal_354,normal
testbed_normal_355,normal
testbed_normal_356,normal
testbed_normal_357,normal
testbed_normal_358,normal
testbed_normal_359,normal
testbed_normal_36,normal
testbed_normal_360,normal
testbed_normal_361,normal
testbed_normal_362,normal
testbed_normal_363,normal
testbed_normal_364,normal
testbed_normal_365,normal
testbed_normal_366,normal
testbed_normal_367,normal
testbed_normal_368,normal
testbed_normal_369,normal
testbed_normal_37,normal
testbed_normal_370,normal
testbed_normal_371,normal
testbed_normal_372,normal
testbed_normal_373,normal
testbed_normal_374,normal
testbed_normal_375,normal
testbed_normal_376,normal
testbed_normal_377,normal
testbed_normal_378,normal
testbed_normal_379,normal
testbed_normal_38,normal
testbed_normal_380,normal
testbed_normal_381,normal
testbed_normal_382,normal
testbed_normal_383,normal
testbed_normal_384,normal
testbed_normal_385,normal
testbed_normal_386,normal
testbed_normal_387,normal
testbed_normal_388,normal
testbed_normal_389,normal
testbed_normal_39,normal
testbed_normal_390,normal
testbed_normal_391,normal
testbed_normal_392,normal
testbed_normal_393,normal
testbed_normal_394,normal
testbed_normal_395,normal
testbed_normal_396,normal
testbed_normal_397,normal
testbed_normal_398,normal
testbed_normal_399,normal
testbed_normal_4,normal
testbed_normal_40,normal
testbed_normal_400,normal
testbed_normal_401,normal
testbed_normal_402,normal
testbed_normal_403,normal
testbed_normal_404,normal
testbed_normal_405,normal
testbed_normal_406,normal
testbed_normal_407,normal
testbed_normal_408,normal
testbed_normal_409,normal
testbed_normal_41,normal
testbed_normal_410,normal
testbed_normal_411,normal
testbed_normal_412,normal
testbed_normal_413,normal
testbed_normal_414,normal
testbed_normal_415,normal
testbed_normal_416,normal
testbed_normal_417,normal
testbed_normal_418,normal
testbed_normal_419,normal
testbed_normal_42,normal
testbed_normal_420,normal
testbed_normal_421,normal
testbed_normal_422,normal
testbed_normal_423,normal
testbed_normal_424,normal
testbed_normal_425,normal
testbed_normal_426,normal
testbed_normal_427,normal
testbed_normal_428,normal
testbed_normal_429,normal
testbed_normal_43,normal
testbed_normal_430,normal
testbed_normal_431,normal
testbed_normal_432,normal
testbed_normal_433,normal
testbed_normal_434,normal
testbed_normal_435,normal
testbed_normal_436,normal
testbed_normal_437,normal
testbed_normal_438,normal
testbed_normal_439,normal
testbed_normal_44,normal
testbed_normal_440,normal
testbed_normal_441,normal
testbed_normal_442,normal
testbed_normal_443,normal
testbed_normal_444,normal
testbed_normal_445,normal
testbed_normal_446,normal
testbed_normal_447,normal
testbed_normal_448,normal
testbed_normal_449,normal
testbed_normal_45,normal
testbed_normal_450,normal
testbed_normal_451,normal
testbed_normal_452,normal
testbed_normal_453,normal
testbed_normal_454,normal
testbed_normal_455,normal
testbed_normal_456,normal
testbed_normal_457,normal
testbed_normal_458,normal
testbed_normal_459,normal
testbed_normal_46,normal
testbed_normal_460,normal
testbed_normal_461,normal
testbed_normal_462,normal
testbed_normal_463,normal
testbed_normal_464,normal
testbed_normal_465,normal
testbed_normal_466,normal
testbed_normal_467,normal
testbed_normal_468,normal
testbed_normal_469,normal
testbed_normal_47,normal
testbed_normal_470,normal
testbed_normal_471,normal
testbed_normal_472,normal
testbed_normal_473,normal
testbed_normal_474,normal
testbed_normal_475,normal
testbed_normal_476,normal
testbed_normal_477,normal
testbed_normal_478,normal
testbed_normal_479,normal
testbed_normal_48,normal
testbed_normal_480,normal
testbed_normal_481,normal
testbed_normal_482,normal
testbed_normal_483,normal
testbed_normal_484,normal
testbed_normal_485,normal
testbed_normal_486,normal
testbed_normal_487,normal
testbed_normal_488,normal
testbed_normal_489,normal
testbed_normal_49,normal
testbed_normal_490,normal
testbed_normal_491,normal
testbed_normal_492,normal
testbed_normal_493,normal
testbed_normal_494,normal
testbed_normal_495,normal
testbed_normal_496,normal
testbed_normal_497,normal
testbed_normal_498,normal
testbed_normal_499,normal
testbed_normal_5,normal
testbed_normal_50,normal
testbed_normal_500,normal
testbed_normal_501,normal
testbed_normal_502,normal
testbed_normal_503,normal
testbed_normal_504,normal
testbed_normal_505,normal
testbed_normal_506,normal
testbed_normal_507,normal
testbed_normal_508,normal
testbed_normal_509,normal
testbed_normal_51,normal
testbed_normal_510,normal
testbed_normal_511,normal
testbed_normal_512,normal
testbed_normal_513,normal
testbed_normal_514,normal
testbed_normal_515,normal
testbed_normal_516,normal
testbed_normal_517,normal
testbed_normal_518,normal
testbed_normal_519,normal
testbed_normal_52,normal
testbed_normal_520,normal
testbed_normal_521,normal
testbed_normal_522,normal
testbed_normal_523,normal
testbed_normal_524,normal
testbed_normal_525,normal
testbed_normal_526,normal
testbed_normal_527,normal
testbed_normal_528,normal
testbed_normal_529,normal
testbed_normal_53,normal
testbed_normal_530,normal
testbed_normal_531,normal
testbed_normal_532,normal
testbed_normal_533,normal
testbed_normal_534,normal
testbed_normal_535,normal
testbed_normal_536,normal
testbed_normal_537,normal
testbed_normal_538,normal
testbed_normal_539,normal
testbed_normal_54,normal
testbed_normal_540,normal
testbed_normal_541,normal
testbed_normal_542,normal
testbed_normal_543,normal
testbed_normal_544,normal
testbed_normal_545,normal
testbed_normal_546,normal
testbed_normal_547,normal
testbed_normal_548,normal
testbed_normal_549,normal
testbed_normal_55,normal
testbed_normal_550,normal
testbed_normal_551,normal
testbed_normal_552,normal
testbed_normal_553,normal
testbed_normal_554,normal
testbed_normal_555,normal
testbed_normal_556,normal
testbed_normal_557,normal
testbed_normal_558,normal
testbed_normal_559,normal
testbed_normal_56,normal
testbed_normal_560,normal
testbed_normal_561,normal
testbed_normal_562,normal
testbed_normal_563,normal
testbed_normal_564,normal
testbed_normal_565,normal
testbed_normal_566,normal
testbed_normal_567,normal
testbed_normal_568,normal
testbed_normal_569,normal
testbed_normal_57,normal
testbed_normal_570,normal
testbed_normal_571,normal
testbed_normal_572,normal
testbed_normal_573,normal
testbed_normal_574,normal
testbed_normal_575,normal
testbed_normal_576,normal
testbed_normal_577,normal
testbed_normal_578,normal
testbed_normal_579,normal
testbed_normal_58,normal
testbed_normal_580,normal
testbed_normal_581,normal
testbed_normal_582,normal
testbed_normal_583,normal
testbed_normal_584,normal
testbed_normal_585,normal
testbed_normal_586,normal
testbed_normal_587,normal
testbed_normal_588,normal
testbed_normal_589,normal
testbed_normal_59,normal
testbed_normal_590,normal
testbed_normal_591,normal
testbed_normal_592,normal
testbed_normal_593,normal
testbed_normal_594,normal
testbed_normal_595,normal
testbed_normal_596,normal
testbed_normal_597,normal
testbed_normal_598,normal
testbed_normal_599,normal
testbed_normal_6,normal
testbed_normal_60,normal
testbed_normal_600,normal
testbed_normal_601,normal
testbed_normal_602,normal
testbed_normal_603,normal
testbed_normal_604,normal
testbed_normal_605,normal
testbed_normal_606,normal
testbed_normal_607,normal
testbed_normal_608,normal
testbed_normal_609,normal
testbed_normal_61,normal
testbed_normal_610,normal
testbed_normal_611,normal
testbed_normal_612,normal
testbed_normal_613,normal
testbed_normal_614,normal
testbed_normal_615,normal
testbed_normal_616,normal
testbed_normal_617,normal
testbed_normal_618,normal
testbed_normal_619,normal
testbed_normal_62,normal
testbed_normal_620,normal
testbed_normal_621,normal
testbed_normal_622,normal
testbed_normal_623,normal
testbed_normal_624,normal
testbed_normal_625,normal
testbed_normal_626,normal
testbed_normal_63,normal
testbed_normal_64,normal
testbed_normal_65,normal
testbed_normal_66,normal
testbed_normal_67,normal
testbed_normal_68,normal
testbed_normal_69,normal
testbed_normal_7,normal
testbed_normal_70,normal
testbed_normal_71,normal
testbed_normal_72,normal
testbed_normal_73,normal
testbed_normal_74,normal
testbed_normal_75,normal
testbed_normal_76,normal
testbed_normal_77,normal
testbed_normal_78,normal
testbed_normal_79,normal
testbed_normal_8,normal
testbed_normal_80,normal
testbed_normal_81,normal
testbed_normal_82,normal
testbed_normal_83,normal
testbed_normal_84,normal
testbed_normal_85,normal
testbed_normal_86,normal
testbed_normal_87,normal
testbed_normal_88,normal
testbed_normal_89,normal
testbed_normal_9,normal
testbed_normal_90,normal
testbed_normal_91,normal
testbed_normal_92,normal
testbed_normal_93,normal
testbed_normal_94,normal
testbed_normal_95,normal
testbed_normal_96,normal
testbed_normal_97,normal
testbed_normal_98,normal
testbed_normal_99,normal
testbed_punching_floor_1,punching_floor
testbed_punching_floor_10,punching_floor
testbed_punching_floor_100,punching_floor
testbed_punching_floor_101,punching_floor
testbed_punching_floor_102,punching_floor
testbed_punching_floor_103,punching_floor
testbed_punching_floor_104,punching_floor
testbed_punching_floor_105,punching_floor
testbed_punching_floor_106,punching_floor
testbed_punching_floor_107,punching_floor
testbed_punching_floor_108,punching_floor
testbed_punching_floor_109,punching_floor
testbed_punching_floor_11,punching_floor
testbed_punching_floor_110,punching_floor
testbed_punching_floor_111,punching_floor
testbed_punching_floor_112,punching_floor
testbed_punching_floor_113,punching_floor
testbed_punching_floor_114,punching_floor
testbed_punching_floor_115,punching_floor
testbed_punching_floor_116,punching_floor
testbed_punching_floor_117,punching_floor
testbed_punching_floor_118,punching_floor
testbed_punching_floor_119,punching_floor
testbed_punching_floor_12,punching_floor
testbed_punching_floor_120,punching_floor
testbed_punching_floor_121,punching_floor
testbed_punching_floor_122,punching_floor
testbed_punching_floor_123,punching_floor
testbed_punching_floor_124,punching_floor
testbed_punching_floor_125,punching_floor
testbed_punching_floor_126,punching_floor
testbed_punching_floor_127,punching_floor
testbed_punching_floor_128,punching_floor
testbed_punching_floor_129,punching_floor
testbed_punching_floor_13,punching_floor
testbed_punching_floor_130,punching_floor
testbed_punching_floor_131,punching_floor
testbed_punching_floor_132,punching_floor
testbed_punching_floor_133,punching_floor
testbed_punching_floor_134,punching_floor
testbed_punching_floor_135,punching_floor
testbed_punching_floor_136,punching_floor
testbed_punching_floor_14,punching_floor
testbed_punching_floor_15,punching_floor
testbed_punching_floor_16,punching_floor
testbed_punching_floor_17,punching_floor
testbed_punching_floor_18,punching_floor
testbed_punching_floor_19,punching_floor
testbed_punching_floor_2,punching_floor
testbed_punching_floor_20,punching_floor
testbed_punching_floor_21,punching_floor
testbed_punching_floor_22,punching_floor
testbed_punching_floor_23,punching_floor
testbed_punching_floor_24,punching_floor
testbed_punching_floor_25,punching_floor
testbed_punching_floor_26,punching_floor
testbed_punching_floor_27,punching_floor
testbed_punching_floor_28,punching_floor
testbed_punching_floor_29,punching_floor
testbed_punching_floor_3,punching_floor
testbed_punching_floor_30,punching_floor
testbed_punching_floor_31,punching_floor
testbed_punching_floor_32,punching_floor
testbed_punching_floor_33,punching_floor
testbed_punching_floor_34,punching_floor
testbed_punching_floor_35,punching_floor
testbed_punching_floor_36,punching_floor
testbed_punching_floor_37,punching_floor
testbed_punching_floor_38,punching_floor
testbed_punching_floor_39,punching_floor
testbed_punching_floor_4,punching_floor
testbed_punching_floor_40,punching_floor
testbed_punching_floor_41,punching_floor
testbed_punching_floor_42,punching_floor
testbed_punching_floor_43,punching_floor
testbed_punching_floor_44,punching_floor
testbed_punching_floor_45,punching_floor
testbed_punching_floor_46,punching_floor
testbed_punching_floor_47,punching_floor
testbed_punching_floor_48,punching_floor
testbed_punching_floor_49,punching_floor
testbed_punching_floor_5,punching_floor
testbed_punching_floor_50,punching_floor
testbed_punching_floor_51,punching_floor
testbed_punching_floor_52,punching_floor
testbed_punching_floor_53,punching_floor
testbed_punching_floor_54,punching_floor
testbed_punching_floor_55,punching_floor
testbed_punching_floor_56,punching_floor
testbed_punching_floor_57,punching_floor
testbed_punching_floor_58,punching_floor
testbed_punching_floor_59,punching_floor
testbed_punching_floor_6,punching_floor
testbed_punching_floor_60,punching_floor
testbed_punching_floor_61,punching_floor
testbed_punching_floor_62,punching_floor
testbed_punching_floor_63,punching_floor
testbed_punching_floor_64,punching_floor
testbed_punching_floor_65,punching_floor
testbed_punching_floor_66,punching_floor
testbed_punching_floor_67,punching_floor
testbed_punching_floor_68,punching_floor
testbed_punching_floor_69,punching_floor
testbed_punching_floor_7,punching_floor
testbed_punching_floor_70,punching_floor
testbed_punching_floor_71,punching_floor
testbed_punching_floor_72,punching_floor
testbed_punching_floor_73,punching_floor
testbed_punching_floor_74,punching_floor
testbed_punching_floor_75,punching_floor
testbed_punching_floor_76,punching_floor
testbed_punching_floor_77,punching_floor
testbed_punching_floor_78,punching_floor
testbed_punching_floor_79,punching_floor
testbed_punching_floor_8,punching_floor
testbed_punching_floor_80,punching_floor
testbed_punching_floor_81,punching_floor
testbed_punching_floor_82,punching_floor
testbed_punching_floor_83,punching_floor
testbed_punching_floor_84,punching_floor
testbed_punching_floor_85,punching_floor
testbed_punching_floor_86,punching_floor
testbed_punching_floor_87,punching_floor
testbed_punching_floor_88,punching_floor
testbed_punching_floor_89,punching_floor
testbed_punching_floor_9,punching_floor
testbed_punching_floor_90,punching_floor
testbed_punching_floor_91,punching_floor
testbed_punching_floor_92,punching_floor
testbed_punching_floor_93,punching_floor
testbed_punching_floor_94,punching_floor
testbed_punching_floor_95,punching_floor
testbed_punching_floor_96,punching_floor
testbed_punching_floor_97,punching_floor
testbed_punching_floor_98,punching_floor
testbed_punching_floor_99,punching_floor
testbed_punching_wall_1,punching_wall
testbed_punching_wall_10,punching_wall
testbed_punching_wall_100,punching_wall
testbed_punching_wall_101,punching_wall
testbed_punching_wall_102,punching_wall
testbed_punching_wall_103,punching_wall
testbed_punching_wall_104,punching_wall
testbed_punching_wall_105,punching_wall
testbed_punching_wall_106,punching_wall
testbed_punching_wall_107,punching_wall
testbed_punching_wall_108,punching_wall
testbed_punching_wall_109,punching_wall
testbed_punching_wall_11,punching_wall
testbed_punching_wall_110,punching_wall
testbed_punching_wall_111,punching_wall
testbed_punching_wall_112,punching_wall
testbed_punching_wall_113,punching_wall
testbed_punching_wall_114,punching_wall
testbed_punching_wall_115,punching_wall
testbed_punching_wall_116,punching_wall
testbed_punching_wall_117,punching_wall
testbed_punching_wall_118,punching_wall
testbed_punching_wall_119,punching_wall
testbed_punching_wall_12,punching_wall
testbed_punching_wall_120,punching_wall
testbed_punching_wall_121,punching_wall
testbed_punching_wall_122,punching_wall
testbed_punching_wall_123,punching_wall
testbed_punching_wall_124,punching_wall
testbed_punching_wall_125,punching_wall
testbed_punching_wall_126,punching_wall
testbed_punching_wall_127,punching_wall
testbed_punching_wall_128,punching_wall
testbed_punching_wall_129,punching_wall
testbed_punching_wall_13,punching_wall
testbed_punching_wall_130,punching_wall
testbed_punching_wall_131,punching_wall
testbed_punching_wall_132,punching_wall
testbed_punching_wall_133,punching_wall
testbed_punching_wall_134,punching_wall
testbed_punching_wall_135,punching_wall
testbed_punching_wall_136,punching_wall
testbed_punching_wall_137,punching_wall
testbed_punching_wall_138,punching_wall
testbed_punching_wall_139,punching_wall
testbed_punching_wall_14,punching_wall
testbed_punching_wall_140,punching_wall
testbed_punching_wall_141,punching_wall
testbed_punching_wall_142,punching_wall
testbed_punching_wall_143,punching_wall
testbed_punching_wall_144,punching_wall
testbed_punching_wall_15,punching_wall
testbed_punching_wall_16,punching_wall
testbed_punching_wall_17,punching_wall
testbed_punching_wall_18,punching_wall
testbed_punching_wall_19,punching_wall
testbed_punching_wall_2,punching_wall
testbed_punching_wall_20,punching_wall
testbed_punching_wall_21,punching_wall
testbed_punching_wall_22,punching_wall
testbed_punching_wall_23,punching_wall
testbed_punching_wall_24,punching_wall
testbed_punching_wall_25,punching_wall
testbed_punching_wall_26,punching_wall
testbed_punching_wall_27,punching_wall
testbed_punching_wall_28,punching_wall
testbed_punching_wall_29,punching_wall
testbed_punching_wall_3,punching_wall
testbed_punching_wall_30,punching_wall
testbed_punching_wall_31,punching_wall
testbed_punching_wall_32,punching_wall
testbed_punching_wall_33,punching_wall
testbed_punching_wall_34,punching_wall
testbed_punching_wall_35,punching_wall
testbed_punching_wall_36,punching_wall
testbed_punching_wall_37,punching_wall
testbed_punching_wall_38,punching_wall
testbed_punching_wall_39,punching_wall
testbed_punching_wall_4,punching_wall
testbed_punching_wall_40,punching_wall
testbed_punching_wall_41,punching_wall
testbed_punching_wall_42,punching_wall
testbed_punching_wall_43,punching_wall
testbed_punching_wall_44,punching_wall
testbed_punching_wall_45,punching_wall
testbed_punching_wall_46,punching_wall
testbed_punching_wall_47,punching_wall
testbed_punching_wall_48,punching_wall
testbed_punching_wall_49,punching_wall
testbed_punching_wall_5,punching_wall
testbed_punching_wall_50,punching_wall
testbed_punching_wall_51,punching_wall
testbed_punching_wall_52,punching_wall
testbed_punching_wall_53,punching_wall
testbed_punching_wall_54,punching_wall
testbed_punching_wall_55,punching_wall
testbed_punching_wall_56,punching_wall
testbed_punching_wall_57,punching_wall
testbed_punching_wall_58,punching_wall
testbed_punching_wall_59,punching_wall
testbed_punching_wall_6,punching_wall
testbed_punching_wall_60,punching_wall
testbed_punching_wall_61,punching_wall
testbed_punching_wall_62,punching_wall
testbed_punching_wall_63,punching_wall
testbed_punching_wall_64,punching_wall
testbed_punching_wall_65,punching_wall
testbed_punching_wall_66,punching_wall
testbed_punching_wall_67,punching_wall
testbed_punching_wall_68,punching_wall
testbed_punching_wall_69,punching_wall
testbed_punching_wall_7,punching_wall
testbed_punching_wall_70,punching_wall
testbed_punching_wall_71,punching_wall
testbed_punching_wall_72,punching_wall
testbed_punching_wall_73,punching_wall
testbed_punching_wall_74,punching_wall
testbed_punching_wall_75,punching_wall
testbed_punching_wall_76,punching_wall
testbed_punching_wall_77,punching_wall
testbed_punching_wall_78,punching_wall
testbed_punching_wall_79,punching_wall
testbed_punching_wall_8,punching_wall
testbed_punching_wall_80,punching_wall
testbed_punching_wall_81,punching_wall
testbed_punching_wall_82,punching_wall
testbed_punching_wall_83,punching_wall
testbed_punching_wall_84,punching_wall
testbed_punching_wall_85,punching_wall
testbed_punching_wall_86,punching_wall
testbed_punching_wall_87,punching_wall
testbed_punching_wall_88,punching_wall
testbed_punching_wall_89,punching_wall
testbed_punching_wall_9,punching_wall
testbed_punching_wall_90,punching_wall
testbed_punching_wall_91,punching_wall
testbed_punching_wall_92,punching_wall
testbed_punching_wall_93,punching_wall
testbed_punching_wall_94,punching_wall
testbed_punching_wall_95,punching_wall
testbed_punching_wall_96,punching_wall
testbed_punching_wall_97,punching_wall
testbed_punching_wall_98,punching_wall
testbed_punching_wall_99,punching_wall
testbed_scratching_arm_1,scratching_arm
testbed_scratching_arm_10,scratching_arm
testbed_scratching_arm_100,scratching_arm
testbed_scratching_arm_101,scratching_arm
testbed_scratching_arm_102,scratching_arm
testbed_scratching_arm_103,scratching_arm
testbed_scratching_arm_104,scratching_arm
testbed_scratching_arm_105,scratching_arm
testbed_scratching_arm_106,scratching_arm
testbed_scratching_arm_107,scratching_arm
testbed_scratching_arm_108,scratching_arm
testbed_scratching_arm_109,scratching_arm
testbed_scratching_arm_11,scratching_arm
testbed_scratching_arm_110,scratching_arm
testbed_scratching_arm_111,scratching_arm
testbed_scratching_arm_112,scratching_arm
testbed_scratching_arm_113,scratching_arm
testbed_scratching_arm_114,scratching_arm
testbed_scratching_arm_115,scratching_arm
testbed_scratching_arm_116,scratching_arm
testbed_scratching_arm_117,scratching_arm
testbed_scratching_arm_118,scratching_arm
testbed_scratching_arm_119,scratching_arm
testbed_scratching_arm_12,scratching_arm
testbed_scratching_arm_120,scratching_arm
testbed_scratching_arm_121,scratching_arm
testbed_scratching_arm_122,scratching_arm
testbed_scratching_arm_123,scratching_arm
testbed_scratching_arm_124,scratching_arm
testbed_scratching_arm_125,scratching_arm
testbed_scratching_arm_126,scratching_arm
testbed_scratching_arm_127,scratching_arm
testbed_scratching_arm_128,scratching_arm
testbed_scratching_arm_129,scratching_arm
testbed_scratching_arm_13,scratching_arm
testbed_scratching_arm_130,scratching_arm
testbed_scratching_arm_131,scratching_arm
testbed_scratching_arm_132,scratching_arm
testbed_scratching_arm_133,scratching_arm
testbed_scratching_arm_134,scratching_arm
testbed_scratching_arm_135,scratching_arm
testbed_scratching_arm_136,scratching_arm
testbed_scratching_arm_137,scratching_arm
testbed_scratching_arm_138,scratching_arm
testbed_scratching_arm_139,scratching_arm
testbed_scratching_arm_14,scratching_arm
testbed_scratching_arm_140,scratching_arm
testbed_scratching_arm_141,scratching_arm
testbed_scratching_arm_142,scratching_arm
testbed_scratching_arm_143,scratching_arm
testbed_scratching_arm_144,scratching_arm
testbed_scratching_arm_145,scratching_arm
testbed_scratching_arm_146,scratching_arm
testbed_scratching_arm_147,scratching_arm
testbed_scratching_arm_148,scratching_arm
testbed_scratching_arm_149,scratching_arm
testbed_scratching_arm_15,scratching_arm
testbed_scratching_arm_150,scratching_arm
testbed_scratching_arm_151,scratching_arm
testbed_scratching_arm_152,scratching_arm
testbed_scratching_arm_153,scratching_arm
testbed_scratching_arm_154,scratching_arm
testbed_scratching_arm_155,scratching_arm
testbed_scratching_arm_156,scratching_arm
testbed_scratching_arm_157,scratching_arm
testbed_scratching_arm_158,scratching_arm
testbed_scratching_arm_159,scratching_arm
testbed_scratching_arm_16,scratching_arm
testbed_scratching_arm_160,scratching_arm
testbed_scratching_arm_161,scratching_arm
testbed_scratching_arm_162,scratching_arm
testbed_scratching_arm_163,scratching_arm
testbed_scratching_arm_164,scratching_arm
testbed_scratching_arm_165,scratching_arm
testbed_scratching_arm_166,scratching_arm
testbed_scratching_arm_167,scratching_arm
testbed_scratching_arm_168,scratching_arm
testbed_scratching_arm_169,scratching_arm
testbed_scratching_arm_17,scratching_arm
testbed_scratching_arm_170,scratching_arm
testbed_scratching_arm_171,scratching_arm
testbed_scratching_arm_172,scratching_arm
testbed_scratching_arm_173,scratching_arm
testbed_scratching_arm_174,scratching_arm
testbed_scratching_arm_175,scratching_arm
testbed_scratching_arm_176,scratching_arm
testbed_scratching_arm_177,scratching_arm
testbed_scratching_arm_178,scratching_arm
testbed_scratching_arm_179,scratching_arm
testbed_scratching_arm_18,scratching_arm
testbed_scratching_arm_180,scratching_arm
testbed_scratching_arm_181,scratching_arm
testbed_scratching_arm_182,scratching_arm
testbed_scratching_arm_183,scratching_arm
testbed_scratching_arm_184,scratching_arm
testbed_scratching_arm_185,scratching_arm
testbed_scratching_arm_186,scratching_arm
testbed_scratching_arm_187,scratching_arm
testbed_scratching_arm_188,scratching_arm
testbed_scratching_arm_189,scratching_arm
testbed_scratching_arm_19,scratching_arm
testbed_scratching_arm_190,scratching_arm
testbed_scratching_arm_191,scratching_arm
testbed_scratching_arm_192,scratching_arm
testbed_scratching_arm_193,scratching_arm
testbed_scratching_arm_194,scratching_arm
testbed_scratching_arm_195,scratching_arm
testbed_scratching_arm_196,scratching_arm
testbed_scratching_arm_197,scratching_arm
testbed_scratching_arm_198,scratching_arm
testbed_scratching_arm_199,scratching_arm
testbed_scratching_arm_2,scratching_arm
testbed_scratching_arm_20,scratching_arm
testbed_scratching_arm_200,scratching_arm
testbed_scratching_arm_201,scratching_arm
testbed_scratching_arm_202,scratching_arm
testbed_scratching_arm_203,scratching_arm
testbed_scratching_arm_204,scratching_arm
testbed_scratching_arm_205,scratching_arm
testbed_scratching_arm_21,scratching_arm
testbed_scratching_arm_22,scratching_arm
testbed_scratching_arm_23,scratching_arm
testbed_scratching_arm_24,scratching_arm
testbed_scratching_arm_25,scratching_arm
testbed_scratching_arm_26,scratching_arm
testbed_scratching_arm_27,scratching_arm
testbed_scratching_arm_28,scratching_arm
testbed_scratching_arm_29,scratching_arm
testbed_scratching_arm_3,scratching_arm
testbed_scratching_arm_30,scratching_arm
testbed_scratching_arm_31,scratching_arm
testbed_scratching_arm_32,scratching_arm
testbed_scratching_arm_33,scratching_arm
testbed_scratching_arm_34,scratching_arm
testbed_scratching_arm_35,scratching_arm
testbed_scratching_arm_36,scratching_arm
testbed_scratching_arm_37,scratching_arm
testbed_scratching_arm_38,scratching_arm
testbed_scratching_arm_39,scratching_arm
testbed_scratching_arm_4,scratching_arm
testbed_scratching_arm_40,scratching_arm
testbed_scratching_arm_41,scratching_arm
testbed_scratching_arm_42,scratching_arm
testbed_scratching_arm_43,scratching_arm
testbed_scratching_arm_44,scratching_arm
testbed_scratching_arm_45,scratching_arm
testbed_scratching_arm_46,scratching_arm
testbed_scratching_arm_47,scratching_arm
testbed_scratching_arm_48,scratching_arm
testbed_scratching_arm_49,scratching_arm
testbed_scratching_arm_5,scratching_arm
testbed_scratching_arm_50,scratching_arm
testbed_scratching_arm_51,scratching_arm
testbed_scratching_arm_52,scratching_arm
testbed_scratching_arm_53,scratching_arm
testbed_scratching_arm_54,scratching_arm
testbed_scratching_arm_55,scratching_arm
testbed_scratching_arm_56,scratching_arm
testbed_scratching_arm_57,scratching_arm
testbed_scratching_arm_58,scratching_arm
testbed_scratching_arm_59,scratching_arm
testbed_scratching_arm_6,scratching_arm
testbed_scratching_arm_60,scratching_arm
testbed_scratching_arm_61,scratching_arm
testbed_scratching_arm_62,scratching_arm
testbed_scratching_arm_63,scratching_arm
testbed_scratching_arm_64,scratching_arm
testbed_scratching_arm_65,scratching_arm
testbed_scratching_arm_66,scratching_arm
testbed_scratching_arm_67,scratching_arm
testbed_scratching_arm_68,scratching_arm
testbed_scratching_arm_69,scratching_arm
testbed_scratching_arm_7,scratching_arm
testbed_scratching_arm_70,scratching_arm
testbed_scratching_arm_71,scratching_arm
testbed_scratching_arm_72,scratching_arm
testbed_scratching_arm_73,scratching_arm
testbed_scratching_arm_74,scratching_arm
testbed_scratching_arm_75,scratching_arm
testbed_scratching_arm_76,scratching_arm
testbed_scratching_arm_77,scratching_arm
testbed_scratching_arm_78,scratching_arm
testbed_scratching_arm_79,scratching_arm
testbed_scratching_arm_8,scratching_arm
testbed_scratching_arm_80,scratching_arm
testbed_scratching_arm_81,scratching_arm
testbed_scratching_arm_82,scratching_arm
testbed_scratching_arm_83,scratching_arm
testbed_scratching_arm_84,scratching_arm
testbed_scratching_arm_85,scratching_arm
testbed_scratching_arm_86,scratching_arm
testbed_scratching_arm_87,scratching_arm
testbed_scratching_arm_88,scratching_arm
testbed_scratching_arm_89,scratching_arm
testbed_scratching_arm_9,scratching_arm
testbed_scratching_arm_90,scratching_arm
testbed_scratching_arm_91,scratching_arm
testbed_scratching_arm_92,scratching_arm
testbed_scratching_arm_93,scratching_arm
testbed_scratching_arm_94,scratching_arm
testbed_scratching_arm_95,scratching_arm
testbed_scratching_arm_96,scratching_arm
testbed_scratching_arm_97,scratching_arm
testbed_scratching_arm_98,scratching_arm
testbed_scratching_arm_99,scratching_arm
testbed_scratching_neck_1,scratching_neck
testbed_scratching_neck_10,scratching_neck
testbed_scratching_neck_100,scratching_neck
testbed_scratching_neck_101,scratching_neck
testbed_scratching_neck_102,scratching_neck
testbed_scratching_neck_103,scratching_neck
testbed_scratching_neck_104,scratching_neck
testbed_scratching_neck_105,scratching_neck
testbed_scratching_neck_106,scratching_neck
testbed_scratching_neck_107,scratching_neck
testbed_scratching_neck_108,scratching_neck
testbed_scratching_neck_109,scratching_neck
testbed_scratching_neck_11,scratching_neck
testbed_scratching_neck_110,scratching_neck
testbed_scratching_neck_111,scratching_neck
testbed_scratching_neck_112,scratching_neck
testbed_scratching_neck_113,scratching_neck
testbed_scratching_neck_114,scratching_neck
testbed_scratching_neck_115,scratching_neck
testbed_scratching_neck_116,scratching_neck
testbed_scratching_neck_117,scratching_neck
testbed_scratching_neck_118,scratching_neck
testbed_scratching_neck_119,scratching_neck
testbed_scratching_neck_12,scratching_neck
testbed_scratching_neck_120,scratching_neck
testbed_scratching_neck_121,scratching_neck
testbed_scratching_neck_122,scratching_neck
testbed_scratching_neck_123,scratching_neck
testbed_scratching_neck_124,scratching_neck
testbed_scratching_neck_125,scratching_neck
testbed_scratching_neck_126,scratching_neck
testbed_scratching_neck_127,scratching_neck
testbed_scratching_neck_128,scratching_neck
testbed_scratching_neck_129,scratching_neck
testbed_scratching_neck_13,scratching_neck
testbed_scratching_neck_130,scratching_neck
testbed_scratching_neck_131,scratching_neck
testbed_scratching_neck_132,scratching_neck
testbed_scratching_neck_133,scratching_neck
testbed_scratching_neck_134,scratching_neck
testbed_scratching_neck_135,scratching_neck
testbed_scratching_neck_136,scratching_neck
testbed_scratching_neck_137,scratching_neck
testbed_scratching_neck_138,scratching_neck
testbed_scratching_neck_139,scratching_neck
testbed_scratching_neck_14,scratching_neck
testbed_scratching_neck_140,scratching_neck
testbed_scratching_neck_141,scratching_neck
testbed_scratching_neck_142,scratching_neck
testbed_scratching_neck_143,scratching_neck
testbed_scratching_neck_144,scratching_neck
testbed_scratching_neck_145,scratching_neck
testbed_scratching_neck_146,scratching_neck
testbed_scratching_neck_147,scratching_neck
testbed_scratching_neck_148,scratching_neck
testbed_scratching_neck_149,scratching_neck
testbed_scratching_neck_15,scratching_neck
testbed_scratching_neck_150,scratching_neck
testbed_scratching_neck_151,scratching_neck
testbed_scratching_neck_152,scratching_neck
testbed_scratching_neck_153,scratching_neck
testbed_scratching_neck_154,scratching_neck
testbed_scratching_neck_155,scratching_neck
testbed_scratching_neck_156,scratching_neck
testbed_scratching_neck_157,scratching_neck
testbed_scratching_neck_158,scratching_neck
testbed_scratching_neck_159,scratching_neck
testbed_scratching_neck_16,scratching_neck
testbed_scratching_neck_160,scratching_neck
testbed_scratching_neck_161,scratching_neck
testbed_scratching_neck_162,scratching_neck
testbed_scratching_neck_163,scratching_neck
testbed_scratching_neck_164,scratching_neck
testbed_scratching_neck_165,scratching_neck
testbed_scratching_neck_166,scratching_neck
testbed_scratching_neck_167,scratching_neck
testbed_scratching_neck_168,scratching_neck
testbed_scratching_neck_169,scratching_neck
testbed_scratching_neck_17,scratching_neck
testbed_scratching_neck_170,scratching_neck
testbed_scratching_neck_171,scratching_neck
testbed_scratching_neck_172,scratching_neck
testbed_scratching_neck_173,scratching_neck
testbed_scratching_neck_174,scratching_neck
testbed_scratching_neck_175,scratching_neck
testbed_scratching_neck_176,scratching_neck
testbed_scratching_neck_177,scratching_neck
testbed_scratching_neck_178,scratching_neck
testbed_scratching_neck_179,scratching_neck
testbed_scratching_neck_18,scratching_neck
testbed_scratching_neck_180,scratching_neck
testbed_scratching_neck_181,scratching_neck
testbed_scratching_neck_182,scratching_neck
testbed_scratching_neck_183,scratching_neck
testbed_scratching_neck_184,scratching_neck
testbed_scratching_neck_185,scratching_neck
testbed_scratching_neck_186,scratching_neck
testbed_scratching_neck_187,scratching_neck
testbed_scratching_neck_188,scratching_neck
testbed_scratching_neck_189,scratching_neck
testbed_scratching_neck_19,scratching_neck
testbed_scratching_neck_190,scratching_neck
testbed_scratching_neck_191,scratching_neck
testbed_scratching_neck_192,scratching_neck
testbed_scratching_neck_193,scratching_neck
testbed_scratching_neck_194,scratching_neck
testbed_scratching_neck_195,scratching_neck
testbed_scratching_neck_196,scratching_neck
testbed_scratching_neck_197,scratching_neck
testbed_scratching_neck_198,scratching_neck
testbed_scratching_neck_199,scratching_neck
testbed_scratching_neck_2,scratching_neck
testbed_scratching_neck_20,scratching_neck
testbed_scratching_neck_200,scratching_neck
testbed_scratching_neck_21,scratching_neck
testbed_scratching_neck_22,scratching_neck
testbed_scratching_neck_23,scratching_neck
testbed_scratching_neck_24,scratching_neck
testbed_scratching_neck_25,scratching_neck
testbed_scratching_neck_26,scratching_neck
testbed_scratching_neck_27,scratching_neck
testbed_scratching_neck_28,scratching_neck
testbed_scratching_neck_29,scratching_neck
testbed_scratching_neck_3,scratching_neck
testbed_scratching_neck_30,scratching_neck
testbed_scratching_neck_31,scratching_neck
testbed_scratching_neck_32,scratching_neck
testbed_scratching_neck_33,scratching_neck
testbed_scratching_neck_34,scratching_neck
testbed_scratching_neck_35,scratching_neck
testbed_scratching_neck_36,scratching_neck
testbed_scratching_neck_37,scratching_neck
testbed_scratching_neck_38,scratching_neck
testbed_scratching_neck_39,scratching_neck
testbed_scratching_neck_4,scratching_neck
testbed_scratching_neck_40,scratching_neck
testbed_scratching_neck_41,scratching_neck
testbed_scratching_neck_42,scratching_neck
testbed_scratching_neck_43,scratching_neck
testbed_scratching_neck_44,scratching_neck
testbed_scratching_neck_45,scratching_neck
testbed_scratching_neck_46,scratching_neck
testbed_scratching_neck_47,scratching_neck
testbed_scratching_neck_48,scratching_neck
testbed_scratching_neck_49,scratching_neck
testbed_scratching_neck_5,scratching_neck
testbed_scratching_neck_50,scratching_neck
testbed_scratching_neck_51,scratching_neck
testbed_scratching_neck_52,scratching_neck
testbed_scratching_neck_53,scratching_neck
testbed_scratching_neck_54,scratching_neck
testbed_scratching_neck_55,scratching_neck
testbed_scratching_neck_56,scratching_neck
testbed_scratching_neck_57,scratching_neck
testbed_scratching_neck_58,scratching_neck
testbed_scratching_neck_59,scratching_neck
testbed_scratching_neck_6,scratching_neck
testbed_scratching_neck_60,scratching_neck
testbed_scratching_neck_61,scratching_neck
testbed_scratching_neck_62,scratching_neck
testbed_scratching_neck_63,scratching_neck
testbed_scratching_neck_64,scratching_neck
testbed_scratching_neck_65,scratching_neck
testbed_scratching_neck_66,scratching_neck
testbed_scratching_neck_67,scratching_neck
testbed_scratching_neck_68,scratching_neck
testbed_scratching_neck_69,scratching_neck
testbed_scratching_neck_7,scratching_neck
testbed_scratching_neck_70,scratching_neck
testbed_scratching_neck_71,scratching_neck
testbed_scratching_neck_72,scratching_neck
testbed_scratching_neck_73,scratching_neck
testbed_scratching_neck_74,scratching_neck
testbed_scratching_neck_75,scratching_neck
testbed_scratching_neck_76,scratching_neck
testbed_scratching_neck_77,scratching_neck
testbed_scratching_neck_78,scratching_neck
testbed_scratching_neck_79,scratching_neck
testbed_scratching_neck_8,scratching_neck
testbed_scratching_neck_80,scratching_neck
testbed_scratching_neck_81,scratching_neck
testbed_scratching_neck_82,scratching_neck
testbed_scratching_neck_83,scratching_neck
testbed_scratching_neck_84,scratching_neck
testbed_scratching_neck_85,scratching_neck
testbed_scratching_neck_86,scratching_neck
testbed_scratching_neck_87,scratching_neck
testbed_scratching_neck_88,scratching_neck
testbed_scratching_neck_89,scratching_neck
testbed_scratching_neck_9,scratching_neck
testbed_scratching_neck_90,scratching_neck
testbed_scratching_neck_91,scratching_neck
testbed_scratching_neck_92,scratching_neck
testbed_scratching_neck_93,scratching_neck
testbed_scratching_neck_94,scratching_neck
testbed_scratching_neck_95,scratching_neck
testbed_scratching_neck_96,scratching_neck
testbed_scratching_neck_97,scratching_neck
testbed_scratching_neck_98,scratching_neck
testbed_scratching_neck_99,scratching_neck
testbed_selfharm_tool_1,selfharm_tool
testbed_selfharm_tool_10,selfharm_tool
testbed_selfharm_tool_11,selfharm_tool
testbed_selfharm_tool_12,selfharm_tool
testbed_selfharm_tool_13,selfharm_tool
testbed_selfharm_tool_14,selfharm_tool
testbed_selfharm_tool_15,selfharm_tool
testbed_selfharm_tool_16,selfharm_tool
testbed_selfharm_tool_17,selfharm_tool
testbed_selfharm_tool_18,selfharm_tool
testbed_selfharm_tool_19,selfharm_tool
testbed_selfharm_tool_2,selfharm_tool
testbed_selfharm_tool_20,selfharm_tool
testbed_selfharm_tool_21,selfharm_tool
testbed_selfharm_tool_22,selfharm_tool
testbed_selfharm_tool_23,selfharm_tool
testbed_selfharm_tool_24,selfharm_tool
testbed_selfharm_tool_25,selfharm_tool
testbed_selfharm_tool_26,selfharm_tool
testbed_selfharm_tool_27,selfharm_tool
testbed_selfharm_tool_28,selfharm_tool
testbed_selfharm_tool_29,selfharm_tool
testbed_selfharm_tool_3,selfharm_tool
testbed_selfharm_tool_30,selfharm_tool
testbed_selfharm_tool_31,selfharm_tool
testbed_selfharm_tool_32,selfharm_tool
testbed_selfharm_tool_33,selfharm_tool
testbed_selfharm_tool_34,selfharm_tool
testbed_selfharm_tool_35,selfharm_tool
testbed_selfharm_tool_36,selfharm_tool
testbed_selfharm_tool_37,selfharm_tool
testbed_selfharm_tool_38,selfharm_tool
testbed_selfharm_tool_39,selfharm_tool
testbed_selfharm_tool_4,selfharm_tool
testbed_selfharm_tool_40,selfharm_tool
testbed_selfharm_tool_41,selfharm_tool
testbed_selfharm_tool_42,selfharm_tool
testbed_selfharm_tool_43,selfharm_tool
testbed_selfharm_tool_44,selfharm_tool
testbed_selfharm_tool_45,selfharm_tool
testbed_selfharm_tool_46,selfharm_tool
testbed_selfharm_tool_47,selfharm_tool
testbed_selfharm_tool_48,selfharm_tool
testbed_selfharm_tool_49,selfharm_tool
testbed_selfharm_tool_5,selfharm_tool
testbed_selfharm_tool_50,selfharm_tool
testbed_selfharm_tool_51,selfharm_tool
testbed_selfharm_tool_52,selfharm_tool
testbed_selfharm_tool_53,selfharm_tool
testbed_selfharm_tool_54,selfharm_tool
testbed_selfharm_tool_55,selfharm_tool
testbed_selfharm_tool_56,selfharm_tool
testbed_selfharm_tool_57,selfharm_tool
testbed_selfharm_tool_58,selfharm_tool
testbed_selfharm_tool_59,selfharm_tool
testbed_selfharm_tool_6,selfharm_tool
testbed_selfharm_tool_60,selfharm_tool
testbed_selfharm_tool_61,selfharm_tool
testbed_selfharm_tool_62,selfharm_tool
testbed_selfharm_tool_7,selfharm_tool
testbed_selfharm_tool_8,selfharm_tool
testbed_selfharm_tool_9,selfharm_tool
